x,y
2.053505,2
2.078407,1
2.090858,1
2.103309,2
2.11576,3
2.128211,1
2.140662,2
2.165564,3
2.178015,1
2.202917,1
2.215368,1
2.2278189999999998,1
2.24027,2
2.252721,2
2.265172,1
2.277623,5
2.290074,8
2.302525,5
2.314976,7
2.327427,9
2.339878,14
2.352329,18
2.36478,15
2.377231,11
2.389682,21
2.402133,10
2.414584,18
2.427035,22
2.439486,29
2.451937,32
2.464388,25
2.476839,29
2.48929,27
2.501741,28
2.514192,28
2.526643,26
2.539094,35
2.551545,30
2.563996,32
2.576447,33
2.588898,23
2.601349,31
2.6138,32
2.626251,33
2.638702,26
2.651153,28
2.663604,28
2.676055,35
2.688506,32
2.700957,35
2.713408,38
2.725859,31
2.73831,50
2.750761,32
2.763212,32
2.775663,31
2.788114,47
2.800565,39
2.813016,33
2.825467,35
2.837918,32
2.850369,30
2.86282,44
2.875271,29
2.887722,48
2.900173,42
2.912624,43
2.925075,37
2.937526,39
2.949977,30
2.962428,35
2.974879,30
2.98733,48
2.999781,40
3.012232,34
3.024683,46
3.037134,41
3.049585,34
3.062036,32
3.074487,33
3.086938,42
3.099389,31
3.11184,38
3.124291,36
3.136742,30
3.149193,37
3.161644,26
3.174095,50
3.186546,36
3.198997,25
3.211448,27
3.223899,30
3.23635,41
3.248801,38
3.261252,29
3.273703,27
3.286154,39
3.2986050000000002,28
3.311056,38
3.323507,41
3.3359579999999998,33
3.348409,28
3.3608599999999997,30
3.373311,46
3.3857619999999997,35
3.398213,41
3.4106639999999997,37
3.423115,41
3.4355659999999997,33
3.448017,35
3.4604679999999997,40
3.472919,43
3.4853699999999996,30
3.497821,37
3.5102719999999996,50
3.522723,36
3.5351739999999996,45
3.547625,40
3.5600759999999996,45
3.572527,37
3.5849780000000004,38
3.597429,35
3.6098800000000004,46
3.622331,51
3.6347820000000004,55
3.647233,33
3.6596840000000004,36
3.672135,48
3.6845860000000004,44
3.697037,34
3.7094880000000003,41
3.721939,38
3.7343900000000003,39
3.746841,34
3.7592920000000003,44
3.771743,29
3.7841940000000003,51
3.796645,40
3.8090960000000003,37
3.821547,47
3.8339980000000002,36
3.846449,39
3.8589,52
3.8713509999999998,38
3.883802,46
3.8962529999999997,44
3.908704,42
3.9211549999999997,31
3.933606,51
3.9460569999999997,43
3.958508,37
3.9709589999999997,38
3.98341,34
3.9958609999999997,42
4.008312,50
4.020763,54
4.033214,36
4.045665,33
4.058116,43
4.070567,50
4.083018,42
4.095469,39
4.10792,42
4.1203710000000004,52
4.132822,47
4.145273,37
4.157724,44
4.170175,38
4.182626,50
4.195077,42
4.207528,34
4.219979,48
4.23243,42
4.244881,57
4.257332,42
4.269783,40
4.282234,33
4.294685,42
4.307136,46
4.319587,37
4.332038,48
4.344489,44
4.35694,45
4.369391,45
4.381842,38
4.394293,45
4.406744,57
4.419195,46
4.431646,43
4.444097,38
4.456548,48
4.468999,43
4.48145,35
4.493901,47
4.506352,37
4.518803,49
4.531254,49
4.543705,39
4.556156,40
4.568607,48
4.581058,33
4.593509,44
4.60596,47
4.618411,42
4.6308620000000005,48
4.643313,44
4.6557640000000005,49
4.668215,46
4.680666,61
4.693117,45
4.705568,53
4.718019,47
4.73047,45
4.742921,34
4.755372,38
4.767823,57
4.780274,42
4.792725,50
4.805176,54
4.817627,48
4.830078,50
4.842529,49
4.85498,37
4.867431,42
4.879882,47
4.892333,35
4.904784,46
4.917235,45
4.929686,50
4.942137,45
4.954588,57
4.967039,41
4.97949,57
4.991941,57
5.004392,35
5.016843,55
5.029294,47
5.041745,56
5.054196,52
5.066647,46
5.079098,50
5.091549,35
5.104,56
5.116451,53
5.128902,59
5.141353,48
5.153804,45
5.1662550000000005,49
5.178706,47
5.1911570000000005,41
5.203608,49
5.2160590000000004,72
5.22851,51
5.240961,46
5.253412,47
5.265863,40
5.278314,57
5.290765,53
5.303216,54
5.315667,42
5.328118,43
5.340569,45
5.35302,50
5.365471,62
5.377922,52
5.390373,46
5.402824,56
5.415275,58
5.427726,48
5.440177,51
5.452628,43
5.465079,55
5.47753,43
5.489981,49
5.502432,51
5.514883,48
5.527334,39
5.539785,53
5.552236,40
5.564687,50
5.577138,58
5.589589,55
5.60204,55
5.614491,63
5.626942,46
5.639393,58
5.651844,52
5.664295,50
5.676746,54
5.689197,49
5.7016480000000005,58
5.714099,52
5.7265500000000005,59
5.739001,37
5.7514520000000005,42
5.763903,40
5.776354,60
5.788805,59
5.801256,36
5.813707,53
5.826158,43
5.838609,52
5.85106,62
5.863511,47
5.875962,40
5.888413,59
5.900864,46
5.913315,48
5.925766,56
5.938217,57
5.950668,54
5.963119,45
5.97557,52
5.988021,53
6.000472,50
6.012923,59
6.025374,47
6.037825,56
6.050276,45
6.062727,59
6.075178,40
6.087629,53
6.10008,42
6.112531,36
6.124982,60
6.137433,62
6.149884,52
6.162335,59
6.174786,51
6.187237,46
6.199688,56
6.212139,62
6.22459,59
6.2370410000000005,54
6.249492,45
6.2619430000000005,56
6.274394,42
6.2868450000000005,55
6.299296,47
6.311747,58
6.324198,45
6.336649,44
6.3491,62
6.361551,47
6.374002,51
6.386453,51
6.398904,62
6.411355,56
6.423806,63
6.436257,62
6.448708,53
6.461159,51
6.47361,52
6.486061,60
6.498512,58
6.510963,51
6.523414,58
6.535865,52
6.548316,57
6.560767,62
6.573218,57
6.585669,43
6.59812,58
6.610571,64
6.623022,49
6.635473,57
6.647924,59
6.660375,62
6.672826,63
6.685277,51
6.697728,55
6.710179,71
6.72263,52
6.735081,43
6.747532,66
6.759983,61
6.7724340000000005,57
6.784885,50
6.7973360000000005,42
6.809787,53
6.8222380000000005,47
6.834689,66
6.8471400000000004,62
6.859591,51
6.872042,60
6.884493,62
6.896944,60
6.909395,80
6.921846,67
6.934297,58
6.946748,57
6.959199,61
6.97165,58
6.984101,58
6.996552,64
7.009003,57
7.021454,64
7.033905,64
7.046356,63
7.058807,59
7.071258,59
7.083709,70
7.09616,53
7.108611,68
7.121062,71
7.133513,80
7.145964,64
7.158415,58
7.170866,69
7.183317,44
7.195768,60
7.208219,78
7.22067,53
7.233121,56
7.245572,48
7.258023,67
7.270474,70
7.2829250000000005,65
7.295376,73
7.3078270000000005,61
7.320278,68
7.3327290000000005,73
7.345180000000001,68
7.357631,48
7.370082,68
7.3825330000000005,65
7.394984000000001,74
7.4074349999999995,62
7.419886,61
7.432337,60
7.444788000000001,72
7.4572389999999995,67
7.46969,78
7.482141,74
7.494592000000001,65
7.5070429999999995,64
7.519494,53
7.531945,62
7.544396000000001,61
7.556846999999999,70
7.569298,68
7.581749,72
7.594200000000001,76
7.606650999999999,82
7.619102,70
7.631553,68
7.644004000000001,73
7.656454999999999,74
7.668906,83
7.681357,74
7.693808000000001,71
7.706258999999999,67
7.71871,55
7.731161,78
7.743612000000001,77
7.756062999999999,61
7.768514,74
7.780965,85
7.793416000000001,77
7.805866999999999,93
7.818318,93
7.830769,77
7.8432200000000005,83
7.855671000000001,80
7.868122,51
7.880573,82
7.8930240000000005,78
7.905475000000001,87
7.917926,94
7.930377,90
7.942828,84
7.955279000000001,85
7.9677299999999995,91
7.980181,84
7.992632,78
8.005083,83
8.017534,95
8.029985,79
8.042436,92
8.054887,98
8.067338,85
8.079789,108
8.09224,109
8.104691,106
8.117142,100
8.129593,107
8.142044,107
8.154495,102
8.166946,134
8.179397,130
8.191848,142
8.204299,104
8.21675,131
8.229201,147
8.241652,124
8.254103,146
8.266554,130
8.279005,153
8.291456,135
8.303907,153
8.316358,134
8.328809,175
8.34126,142
8.353711,150
8.366162000000001,174
8.378613,154
8.391064,180
8.403515,158
8.415966000000001,199
8.428417,177
8.440868,180
8.453319,184
8.465770000000001,209
8.478221,173
8.490672,203
8.503123,220
8.515574,204
8.528025,225
8.540476,221
8.552927,236
8.565378,253
8.577829,236
8.59028,245
8.602731,228
8.615182,256
8.627633,284
8.640084,264
8.652535,230
8.664986,243
8.677437,267
8.689888,291
8.702339,289
8.71479,292
8.727241,286
8.739692,294
8.752143,280
8.764594,314
8.777045,302
8.789496,293
8.801947,321
8.814398,321
8.826849,288
8.8393,341
8.851751,335
8.864202,345
8.876653,322
8.889104,348
8.901555,359
8.914006,323
8.926457000000001,344
8.938908,369
8.951359,360
8.96381,349
8.976261000000001,338
8.988712,337
9.001163,368
9.013614,358
9.026065000000001,380
9.038516,368
9.050967,341
9.063418,354
9.075869,356
9.08832,389
9.100771,354
9.113222,344
9.125673,372
9.138124,377
9.150575,342
9.163026,363
9.175477,358
9.187928,369
9.200379,355
9.21283,385
9.225281,370
9.237732,340
9.250183,355
9.262634,375
9.275085,368
9.287536,353
9.299987,373
9.312438,382
9.324889,362
9.33734,330
9.349791,357
9.362242,356
9.374693,335
9.387144,342
9.399595,331
9.412046,342
9.424497,364
9.436948000000001,367
9.449399,324
9.46185,359
9.474301,315
9.486752000000001,334
9.499203,317
9.511654,339
9.524105,359
9.536556000000001,370
9.549007,344
9.561458,275
9.573909,322
9.58636,324
9.598811,315
9.611262,273
9.623713,324
9.636164,288
9.648615,289
9.661066,306
9.673517,341
9.685968,304
9.698419,305
9.71087,293
9.723321,292
9.735772,259
9.748223,273
9.760674,286
9.773125,243
9.785576,269
9.798027,256
9.810478,289
9.822929,285
9.83538,251
9.847831,267
9.860282,234
9.872733,241
9.885184,268
9.897635,243
9.910086,244
9.922537,271
9.934988,280
9.947439000000001,242
9.95989,217
9.972341,221
9.984792,243
9.997243000000001,209
10.009694,242
10.022145,225
10.034596,232
10.047047000000001,223
10.059498,197
10.071949,205
10.0844,215
10.096851000000001,240
10.109302,196
10.121753,194
10.134204,208
10.146655,205
10.159106,218
10.171557,217
10.184008,220
10.196459,217
10.20891,202
10.221361,186
10.233812,219
10.246263,199
10.258714,193
10.271165,184
10.283616,193
10.296067,176
10.308518,192
10.320969,185
10.33342,218
10.345871,204
10.358322,195
10.370773,202
10.383224,186
10.395675,177
10.408126,173
10.420577,183
10.433028,205
10.445479,177
10.45793,187
10.470381,179
10.482832,193
10.495283,178
10.507734000000001,183
10.520185,190
10.532636,190
10.545087,163
10.557538000000001,178
10.569989,168
10.58244,168
10.594891,173
10.607342000000001,176
10.619793,208
10.632244,169
10.644695,187
10.657146000000001,192
10.669597,151
10.682048,153
10.694499,194
10.70695,170
10.719401,151
10.731852,150
10.744303,176
10.756754,181
10.769205,186
10.781656,210
10.794107,174
10.806558,167
10.819009,166
10.83146,174
10.843911,183
10.856362,174
10.868813,195
10.881264,187
10.893715,162
10.906166,187
10.918617,151
10.931068,165
10.943519,153
10.95597,166
10.968421,175
10.980872,176
10.993323,157
11.005774,185
11.018225000000001,169
11.030676,180
11.043127,153
11.055578,160
11.068029000000001,170
11.08048,152
11.092931,171
11.105382,166
11.117833000000001,175
11.130284,174
11.142735,191
11.155186,181
11.167637000000001,179
11.180088,179
11.192539,196
11.20499,168
11.217441,179
11.229892,186
11.242343,182
11.254794,169
11.267245,180
11.279696,176
11.292147,181
11.304598,200
11.317049,190
11.3295,217
11.341951,196
11.354402,188
11.366853,191
11.379304,184
11.391755,199
11.404206,189
11.416657,192
11.429108,190
11.441559,189
11.45401,219
11.466461,181
11.478912,214
11.491363,205
11.503814,217
11.516265,220
11.528716,232
11.541167,199
11.553618,179
11.566069,228
11.578520000000001,242
11.590971,225
11.603422,237
11.615873,231
11.628324000000001,222
11.640775,200
11.653226,197
11.665677,237
11.678128000000001,259
11.690579,254
11.70303,237
11.715481,243
11.727932000000001,238
11.740383,256
11.752834,239
11.765285,253
11.777736,294
11.790187,254
11.802638,265
11.815089,290
11.82754,252
11.839991,286
11.852442,252
11.864893,250
11.877344,269
11.889795,256
11.902246,274
11.914697,281
11.927148,288
11.939599,285
11.95205,250
11.964501,292
11.976952,297
11.989403,290
12.001854,297
12.014305,265
12.026756,263
12.039207,273
12.051658,304
12.064109,298
12.07656,265
12.089011000000001,309
12.101462,295
12.113913,271
12.126364,325
12.138815000000001,281
12.151266,270
12.163717,283
12.176168,319
12.188619000000001,295
12.20107,304
12.213521,264
12.225972,297
12.238423000000001,320
12.250874,340
12.263325,309
12.275776,302
12.288227000000001,311
12.300678,310
12.313129,327
12.32558,323
12.338031,290
12.350482,282
12.362933,302
12.375384,305
12.387835,351
12.400286,310
12.412737,316
12.425188,346
12.437639,348
12.45009,351
12.462541,345
12.474992,324
12.487443,319
12.499894,349
12.512345,320
12.524796,341
12.537247,363
12.549698,372
12.562149,344
12.5746,352
12.587051,365
12.599502000000001,382
12.611953,329
12.624404,331
12.636855,369
12.649306000000001,369
12.661757,375
12.674208,362
12.686659,344
12.699110000000001,348
12.711561,362
12.724012,377
12.736463,318
12.748914000000001,376
12.761365,418
12.773816,369
12.786267,384
12.798718000000001,382
12.811169,396
12.82362,382
12.836071,366
12.848522,390
12.860973,361
12.873424,421
12.885875,376
12.898326,373
12.910777,393
12.923228,387
12.935679,391
12.94813,414
12.960581,368
12.973032,354
12.985483,409
12.997934,394
13.010385,374
13.022836,364
13.035287,415
13.047738,413
13.060189,387
13.07264,406
13.085091,409
13.097542,387
13.109993,383
13.122444,389
13.134895,383
13.147346,398
13.159797000000001,406
13.172248,412
13.184699,392
13.19715,382
13.209601000000001,356
13.222052,400
13.234503,415
13.246954,398
13.259405000000001,428
13.271856,357
13.284307,380
13.296758,415
13.309209000000001,390
13.32166,395
13.334111,410
13.346562,385
13.359013000000001,413
13.371464,384
13.383915,360
13.396366,382
13.408817,399
13.421268,376
13.433719,339
13.44617,329
13.458621,367
13.471072,411
13.483523,370
13.495974,369
13.508425,352
13.520876,342
13.533327,356
13.545778,347
13.558229,321
13.57068,349
13.583131,351
13.595582,368
13.608033,363
13.620484,331
13.632935,365
13.645386,351
13.657837,393
13.670288000000001,328
13.682739,354
13.69519,329
13.707641,321
13.720092000000001,340
13.732543,352
13.744994,320
13.757445,334
13.769896000000001,329
13.782347,291
13.794798,341
13.807249,314
13.819700000000001,309
13.832151,274
13.844602,306
13.857053,295
13.869504000000001,275
13.881955,319
13.894406,285
13.906857,275
13.919308000000001,268
13.931759,289
13.94421,286
13.956661,283
13.969112,263
13.981563,286
13.994014,281
14.006465,297
14.018916,266
14.031367,252
14.043818,283
14.056269,242
14.06872,266
14.081171,258
14.093622,255
14.106073,242
14.118524,256
14.130975,235
14.143426,275
14.155877,215
14.168328,229
14.180779,247
14.19323,236
14.205681,242
14.218132,249
14.230583000000001,192
14.243034,204
14.255485,212
14.267936,205
14.280387000000001,247
14.292838,203
14.305289,169
14.31774,181
14.330191000000001,209
14.342642,191
14.355093,194
14.367544,188
14.379995000000001,198
14.392446,180
14.404897,201
14.417348,182
14.429799000000001,171
14.44225,151
14.454701,171
14.467152,159
14.479603000000001,133
14.492054,162
14.504505,175
14.516956,157
14.529407,144
14.541858,149
14.554309,147
14.56676,162
14.579211,118
14.591662,141
14.604113,109
14.616564,139
14.629015,128
14.641466,118
14.653917,119
14.666368,133
14.678819,116
14.69127,125
14.703721,110
14.716172,110
14.728623,110
14.741074000000001,106
14.753525,88
14.765976,81
14.778427,97
14.790878000000001,96
14.803329,107
14.81578,89
14.828231,90
14.840682000000001,104
14.853133,103
14.865584,98
14.878035,90
14.890486000000001,97
14.902937,82
14.915388,95
14.927839,85
14.940290000000001,91
14.952741,77
14.965192,76
14.977643,72
14.990094000000001,86
15.002545,69
15.014996,81
15.027447,77
15.039898,80
15.052349,83
15.0648,70
15.077251,55
15.089702,68
15.102153,60
15.114604,70
15.127055,63
15.139506,59
15.151957,83
15.164408,72
15.176859,56
15.18931,74
15.201761,66
15.214212,69
15.226663,65
15.239114,56
15.251565000000001,78
15.264016,77
15.276467,78
15.288918,85
15.301369000000001,90
15.31382,114
15.326271,94
15.338721999999999,120
15.351173000000001,117
15.363624,134
15.376075000000002,158
15.388526,158
15.400977,177
15.413428000000001,180
15.425879,197
15.438329999999999,193
15.450781000000001,214
15.463232,262
15.475683000000002,258
15.488134,300
15.500585,320
15.513036000000001,338
15.525487,390
15.537937999999999,388
15.550389000000001,421
15.56284,423
15.575291000000002,493
15.587742,477
15.600192999999999,508
15.612644000000001,513
15.625095,541
15.637545999999999,552
15.649997,638
15.662448,598
15.674899000000002,602
15.68735,593
15.699800999999999,605
15.712252000000001,591
15.724703,578
15.737153999999999,581
15.749605,572
15.762056,535
15.774507000000002,536
15.786958,521
15.799408999999999,438
15.811860000000001,420
15.824311,442
15.836762000000002,371
15.849213,349
15.861664,353
15.874115000000002,338
15.886566,313
15.899016999999999,272
15.911468000000001,250
15.923919,185
15.936370000000002,179
15.948821,162
15.961272,133
15.973723000000001,129
15.986174,109
15.998624999999999,117
16.011076000000003,95
16.023527,96
16.035978000000004,70
16.048429000000002,52
16.06088,52
16.073331000000003,44
16.085782000000002,35
16.098233,35
16.110684000000003,37
16.123135,39
16.135586000000004,33
16.148037000000002,30
16.160488,26
16.172939000000003,22
16.18539,16
16.197841,19
16.210292000000003,17
16.222743,11
16.235194000000003,10
16.247645000000002,14
16.260096,11
16.272547000000003,14
16.284998,8
16.297449,4
16.309900000000003,11
16.322351,9
16.334802000000003,6
16.347253000000002,5
16.359704,2
16.372155000000003,9
16.384606,5
16.397057000000004,5
16.409508000000002,5
16.421959,3
16.434410000000003,3
16.446861000000002,3
16.459312,2
16.471763000000003,3
16.484214,2
16.496665000000004,1
16.509116000000002,1
16.521567,1
16.534018000000003,3
16.546469000000002,2
16.55892,4
16.571371000000003,1
16.583822,1
16.608724000000002,3
16.621175,1
16.633626000000003,1
16.658528,1
16.670979000000003,2
16.708332000000002,1
16.720783,1
16.733234000000003,3
16.745685,2
16.758136,1
16.783038,2
16.807940000000002,1
16.820391,2
16.832842000000003,1
16.845293,1
16.870195000000002,2
16.895097000000003,1
16.907548000000002,1
16.944901,1
17.069411000000002,2
17.081862,1
17.119215,1
17.131666000000003,1
17.281078,1
17.368235000000002,1
17.430490000000002,1
17.567451000000002,1
17.716863000000004,1
17.729314000000002,1
17.779118,1
18.177550000000004,1
18.277158000000004,1
18.339413,1
18.414119000000003,1
18.463923,1
18.725394,1
18.974414000000003,1
19.173630000000003,1
19.360395,1
19.609415000000002,1
19.833533000000003,1
19.845984,1
19.883337,1
19.895788000000003,1
20.568142,1
20.605495,1
20.742456,1
21.091084000000002,1
21.115986000000003,1
21.240496000000004,1
21.389908000000002,1
21.78834,1
21.875497000000003,1
22.074713000000003,1
22.136968000000003,1
22.186772,1
22.236576000000003,1
22.249027,1
22.298831000000003,1
22.535400000000003,1
22.560302000000004,2
22.659910000000004,3
22.846675,1
22.896479000000003,1
22.933832000000002,1
23.357166000000003,1
23.394519000000003,2
23.655990000000003,1
23.954814000000002,1
23.979716000000003,1
24.203834,1
24.228736,1
24.303442000000004,1
24.415501000000003,1
24.427952,2
24.589815,1
24.776580000000003,1
24.838835000000003,1
25.038051000000003,1
25.062953000000004,1
25.237267000000003,1
25.311973000000002,1
25.424032000000004,1
25.436483000000003,1
25.486287,1
25.536091000000003,2
25.573444000000002,1
25.610797,1
25.660601000000003,1
25.772660000000002,1
26.009229,1
26.158641000000003,1
26.258249000000003,1
26.2707,1
26.569524,1
26.706485,1
26.718936000000003,1
26.806093,1
27.092466,1
27.142270000000003,1
27.291682,1
27.814624000000002,1
27.876879000000002,1
28.38737,1
28.51188,1
28.623939000000004,1
28.785802000000004,1
28.985018000000004,1
29.047273,1
29.159332000000003,1
29.395901000000002,1
29.433254,1
29.557764000000002,1
30.367079000000004,1
